sample,soil,genotype,Fol
LAGZCK1,GZ,LA2157,CK
LAGZCK2,GZ,LA2157,CK
LAGZCK3,GZ,LA2157,CK
LAGZCK4,GZ,LA2157,CK
LAGZCK5,GZ,LA2157,CK
LAGZCK6,GZ,LA2157,CK
LAGZCK7,GZ,LA2157,CK
LAGZCK8,GZ,LA2157,CK
LAGZCK9,GZ,LA2157,CK
LAGZFo1,GZ,LA2157,Fo
LAGZFo2,GZ,LA2157,Fo
LAGZFo3,GZ,LA2157,Fo
LAGZFo4,GZ,LA2157,Fo
LAGZFo5,GZ,LA2157,Fo
LAGZFo6,GZ,LA2157,Fo
LAGZFo7,GZ,LA2157,Fo
LAGZFo8,GZ,LA2157,Fo
LAGZFo9,GZ,LA2157,Fo
LAHEBCK1,HEB,LA2157,CK
LAHEBCK2,HEB,LA2157,CK
LAHEBCK3,HEB,LA2157,CK
LAHEBCK4,HEB,LA2157,CK
LAHEBCK5,HEB,LA2157,CK
LAHEBCK6,HEB,LA2157,CK
LAHEBCK7,HEB,LA2157,CK
LAHEBCK8,HEB,LA2157,CK
LAHEBCK9,HEB,LA2157,CK
LAHEBFo1,HEB,LA2157,Fo
LAHEBFo2,HEB,LA2157,Fo
LAHEBFo3,HEB,LA2157,Fo
LAHEBFo4,HEB,LA2157,Fo
LAHEBFo5,HEB,LA2157,Fo
LAHEBFo6,HEB,LA2157,Fo
LAHEBFo7,HEB,LA2157,Fo
LAHEBFo8,HEB,LA2157,Fo
LAHEBFo9,HEB,LA2157,Fo
LAZJCK1,HZ,LA2157,CK
LAZJCK2,HZ,LA2157,CK
LAZJCK3,HZ,LA2157,CK
LAZJCK4,HZ,LA2157,CK
LAZJCK5,HZ,LA2157,CK
LAZJCK6,HZ,LA2157,CK
LAZJCK7,HZ,LA2157,CK
LAZJCK8,HZ,LA2157,CK
LAZJCK9,HZ,LA2157,CK
LAZJFo1,HZ,LA2157,Fo
LAZJFo2,HZ,LA2157,Fo
LAZJFo3,HZ,LA2157,Fo
LAZJFo4,HZ,LA2157,Fo
LAZJFo5,HZ,LA2157,Fo
LAZJFo6,HZ,LA2157,Fo
LAZJFo7,HZ,LA2157,Fo
LAZJFo8,HZ,LA2157,Fo
LAZJFo9,HZ,LA2157,Fo
MMGZCK1,GZ,MM,CK
MMGZCK2,GZ,MM,CK
MMGZCK3,GZ,MM,CK
MMGZCK4,GZ,MM,CK
MMGZCK5,GZ,MM,CK
MMGZCK6,GZ,MM,CK
MMGZCK7,GZ,MM,CK
MMGZCK8,GZ,MM,CK
MMGZCK9,GZ,MM,CK
MMGZFo1,GZ,MM,Fo
MMGZFo2,GZ,MM,Fo
MMGZFo3,GZ,MM,Fo
MMGZFo4,GZ,MM,Fo
MMGZFo5,GZ,MM,Fo
MMGZFo6,GZ,MM,Fo
MMGZFo7,GZ,MM,Fo
MMGZFo8,GZ,MM,Fo
MMGZFo9,GZ,MM,Fo
MMHEBCK1,HEB,MM,CK
MMHEBCK2,HEB,MM,CK
MMHEBCK3,HEB,MM,CK
MMHEBCK4,HEB,MM,CK
MMHEBCK5,HEB,MM,CK
MMHEBCK6,HEB,MM,CK
MMHEBCK7,HEB,MM,CK
MMHEBCK8,HEB,MM,CK
MMHEBCK9,HEB,MM,CK
MMHEBFo1,HEB,MM,Fo
MMHEBFo2,HEB,MM,Fo
MMHEBFo3,HEB,MM,Fo
MMHEBFo4,HEB,MM,Fo
MMHEBFo5,HEB,MM,Fo
MMHEBFo6,HEB,MM,Fo
MMHEBFo7,HEB,MM,Fo
MMHEBFo8,HEB,MM,Fo
MMHEBFo9,HEB,MM,Fo
MMZJCK1,HZ,MM,CK
MMZJCK2,HZ,MM,CK
MMZJCK3,HZ,MM,CK
MMZJCK4,HZ,MM,CK
MMZJCK5,HZ,MM,CK
MMZJCK6,HZ,MM,CK
MMZJCK7,HZ,MM,CK
MMZJCK8,HZ,MM,CK
MMZJCK9,HZ,MM,CK
MMZJFo1,HZ,MM,Fo
MMZJFo2,HZ,MM,Fo
MMZJFo3,HZ,MM,Fo
MMZJFo4,HZ,MM,Fo
MMZJFo5,HZ,MM,Fo
MMZJFo6,HZ,MM,Fo
MMZJFo7,HZ,MM,Fo
MMZJFo8,HZ,MM,Fo
MMZJFo9,HZ,MM,Fo
